id;title;jhi_directory;version
1;porters;;1
2;distance;;1
3;bignum;;1
4;perm;;1
5;lines;;1
6;jumps;;1
7;maxi;;1
8;rebus;;1
9;names;;1
10;happy;;1
11;words;;1
12;div;;1
13;ruler;;1
14;t;;1
15;saver;;1
16;table;;1
17;mirrors;;1
18;string;;1
19;rings;;1
20;lines;;1
21;decbin;;1
22;pal;;1
23;peb;;1
24;banka;;1
25;digit;;1
26;roads;;1
27;choco;;1
28;acrobat;;1
29;winner;;1
30;lucky;;1
31;year2012;;1
32;reading;;1
33;strip;;1
34;handshakes;;1
35;riddles;;1
36;coins;;1
37;rich;;1
38;triples;;1
39;formula1;;1
40;rect;;1
41;maxbin;;1
42;garden;;1
43;sklad;;1
44;biathlon;;1
45;maxdigit;;1
46;like;;1
47;abcd;;1
48;mink;;1
49;recon;;1
50;competition;;1
51;points;;1
52;unique;;1
53;power;;1
54;prettynum;;1
55;seq;;1
56;parking;;1
57;planes;;1
58;fakir;;1
59;middle;;1
60;dog;;1
61;standard;;1
62;clustering;;1
63;submarines;;1
64;btree;;1
65;calcgame;;1
66;zerosum;;1
67;triangles;;1
68;substring;;1
69;company;;1
70;symmetric;;1
71;profit;;1
72;frequency;;1
73;rectangle;;1
74;think;;1
75;gift;;1
76;teleport;;1
77;boats;;1
78;lines;;1
79;balance;;1
80;maxsum;;1
81;channels;;1
82;timetable;;1
83;mice;;1
84;tvgame;;1
85;number;;1
86;postman;;1
87;board;;1
88;time;;1
89;sym;;1
90;sign;;1
91;orbit;;1
92;xor;;1
93;profit;;1
94;invcnt;;1
95;points;;1
96;run;;1
97;kravaiche;;1
98;niz;;1
99;next;;1
100;zero;;1
101;salary;;1
102;sport;;1
103;stick;;1
104;honey;;1
105;border;;1
106;ants;;1
107;abwords;;1
108;window;;1
109;avoider;;1
110;hole;;1
111;sequence;;1
112;substrings;;1
113;calendar;;1
114;hexagon;;1
115;equality;;1
116;substring;;1
117;seq;;1
118;game;;1
119;casting;;1
120;muffins;;1
121;roads;;1
122;game;;1
123;ragain;;1
124;squares;;1
125;maxarrea;;1
126;table;;1
127;twostr;;1
128;swap;;1
129;agrain;;1
130;shop;;1
131;rect;;1
132;balls;;1
133;bee;;1
134;kletki;;1
135;lift;;1
136;towers;;1
137;div;;1
138;biathlon;;1
139;disconnect;;1
140;tower;;1
141;traveling;;1
142;zeros;;1
143;code;;1
144;triangle;;1
145;sherlok;;1
146;numdiv;;1
147;palin;;1
148;chas;;1
149;minesweeper;;1
150;rabbit;;1
151;crypto;;1
152;colorgraph;;1
153;clubs;;1
154;shopping;;1
155;bridges;;1
156;chain;;1
157;snowboard;;1
158;school;;1
159;workshop;;1
160;hidepencil;;1
161;concert;;1
162;palin;;1
163;maxcard;;1
164;izraz;;1
165;honey;;1
166;chess;;1
167;park;;1
168;seats;;1
169;namuhs;;1
170;artillery;;1
171;domino;;1
172;report;;1
173;clock;;1
174;persistence;;1
175;changenumber;;1
176;coding;;1
177;equation;;1
178;painting;;1
179;traveltime;;1
180;dini;;1
181;plovdiv;;1
182;permutations;;1
183;xbgame;;1
184;setp;;1
185;rect;;1
186;eksk;;1
187;roads;;1
188;cipher;;1
189;diffseq;;1
190;turnir;;1
191;reduce;;1
192;binary;;1
193;amusing;;1
194;triplet;;1
195;grump;;1
196;game;;1
197;longest;;1
198;row;;1
199;color;;1
200;roads;;1
201;sansu;;1
202;last;;1
203;fatal;;1
204;stones;;1
205;maxk;;1
206;fact;;1
207;calc;;1
208;word;;1
209;square;;1
210;princess;;1
211;song;;1
212;kod;;1
213;prize;;1
214;sudoku;;1
215;words;;1
216;addmul;;1
217;dumi;;1
218;pic;;1
219;chess;;1
220;kperms;;1
221;quad;;1
222;Lubimec13;;1
223;deliteli;;1
224;harvest;;1
225;remote;;1
226;aquarium;;1
227;mult;;1
228;traffic;;1
229;cinema;;1
230;lines;;1
231;cubes;;1
232;ivet;;1
233;line;;1
234;apple;;1
235;segments;;1
236;table;;1
237;round;;1
238;telephone;;1
239;div;;1
240;temperature;;1
241;fig;;1
242;repair;;1
243;number;;1
244;mice;;1
245;poker;;1
246;dots;;1
247;maxs;;1
248;bplusc;;1
249;ssum;;1
250;balls;;1
251;number;;1
252;bus;;1
253;fish_globe;;1
254;minipoker;;1
255;lottery;;1
256;piknik;;1
257;lucky;;1
258;average;;1
259;num012;;1
260;segments;;1
261;expr;;1
262;tribonacci;;1
263;coding;;1
264;bestan;;1
265;fibseq;;1
266;pass;;1
267;barcode;;1
268;tailor;;1
269;orange;;1
270;all;;1
271;skating;;1
272;wallpaper;;1
273;max;;1
274;nsum;;1
275;abcd;;1
276;area;;1
277;compress;;1
278;phones;;1
279;magic;;1
280;xsum;;1
281;runners;;1
282;yako;;1
283;cinema;;1
284;klassir;;1
285;sheeps;;1
286;monkey;;1
287;cakes;;1
288;conditioning;;1
289;ndoku;;1
290;sum;;1
291;paint;;1
292;hopper;;1
293;seg;;1
294;points;;1
295;sport;;1
296;difference;;1
297;two;;1
298;difference;;1
299;mobile;;1
300;gap;;1
301;books;;1
302;lesson;;1
303;difference;;1
304;2rows;;1
305;shadow_new;;1
306;woolly;;1
307;red;;1
308;trans;;1
309;sum;;1
310;prime;;1
311;stepen;;1
312;tetris;;1
313;word;;1
314;paper;;1
315;abx;;1
316;matches;;1
317;sum;;1
318;paint;;1
319;slope;;1
320;fib2;;1
321;hand;;1
322;suma;;1
323;manh;;1
324;racing;;1
325;klas;;1
326;set;;1
327;dif;;1
328;number;;1
329;klas;;1
330;circles;;1
331;balls;;1
332;chislo;;1
333;password;;1
334;train;;1
335;cla;;1
336;altgame;;1
337;films;;1
338;points;;1
339;odd;;1
340;colors;;1
341;maxn;;1
342;pnum;;1
343;bact;;1
344;kub;;1
345;red;;1
346;maxtri;;1
347;contest;;1
348;hotel;;1
349;groups;;1
350;expr;;1
351;strpat;;1
352;even;;1
353;amb;;1
354;triangles;;1
355;twop;;1
356;shortage;;1
357;diag;;1
358;stones;;1
359;king;;1
360;sub;;1
361;lazy;;1
362;pickval;;1
363;row;;1
364;pairs;;1
365;plot;;1
366;dprime;;1
367;fib;;1
368;shift;;1
369;jobs;;1
370;num;;1
371;box;;1
372;rod;;1
373;fib;;1
374;mag;;1
375;tetris;;1
376;rhomb;;1
377;provident;;1
378;thimbles;;1
379;frog;;1
380;express;;1
381;pircos;;1
382;palind;;1
383;calc;;1
384;nails;;1
385;roses;;1
386;barrels;;1
387;robot;;1
388;letters;;1
389;seq;;1
390;shield;;1
391;bottles;;1
392;kapri;;1
393;alphabet;;1
394;pancakes;;1
395;expression;;1
396;towers;;1
397;bus;;1
398;rectarea;;1
399;squares;;1
400;dynasty;;1
401;sums;;1
402;fractions;;1
403;limes;;1
404;notice;;1
405;marbles;;1
406;lazy;;1
407;trans;;1
408;more;;1
409;no122A;;1
410;band;;1
411;pali;;1
412;book;;1
413;nod;;1
414;no112B;;1
415;no112C;;1
416;viruses;;1
417;words;;1
418;wow;;1
419;painting;;1
420;tststsbreh;;1
421;scout;;1
422;dcouples;;1
423;compression;;1
424;salaries;;1
425;sumprod;;1
426;tab;;1
427;sum;;1
428;turnon;;1
429;singers;;1
430;seq;;1
431;viruses;;1
432;message;;1
433;Barray;;1
434;Numerology;;1
435;Egypt;;1
436;rest;;1
437;tariff;;1
438;popet;;1
439;www;;1
440;schedule;;1
441;x3game;;1
442;square;;1
443;balls;;1
444;sweets;;1
445;divide;;1
446;packing;;1
447;game;;1
448;rect;;1
449;maxpro;;1
450;digits;;1
451;grid;;1
452;sumdig;;1
453;kuku;;1
454;expr;;1
455;game;;1
456;palindromes;;1
457;cargo;;1
458;town;;1
459;ram;;1
460;virus;;1
461;sequences;;1
462;cnet;;1
463;maxnotice;;1
464;leaders;;1
465;grid;;1
466;candies;;1
467;rect;;1
468;code;;1
469;stories;;1
470;sdiv;;1
471;number;;1
472;paint;;1
473;korridor;;1
474;progres;;1
475;subsums;;1
476;color;;1
477;traffic;;1
478;dentist;;1
479;degrees;;1
480;bio;;1
481;palindromes;;1
482;cards;;1
483;game;;1
484;bin0;;1
485;palc;;1
486;rot;;1
487;seq;;1
488;lines;;1
489;codes;;1
490;maze;;1
491;palindrome;;1
492;growingbaby;;1
493;long;;1
494;sdnf;;1
495;solitaire;;1
496;beautiful;;1
497;sheep;;1
498;flowers;;1
499;msweeper;;1
500;boxes;;1
501;titanic;;1
502;special;;1
503;diamonds;;1
504;frogs;;1
505;money;;1
506;ship;;1
507;odd;;1
508;diet;;1
509;trade;;1
510;metro;;1
511;ones;;1
512;clock;;1
513;product;;1
514;soil;;1
515;pigfarm;;1
516;bouquet;;1
517;zoo;;1
518;unique;;1
519;win;;1
520;pool;;1
521;transport;;1
522;cut;;1
523;tickets;;1
524;hex;;1
525;particles;;1
526;crypto;;1
527;dogfood;;1
528;bogig;;1
529;pranka;;1
530;kaylaka;;1
531;partition;;1
532;segments;;1
533;alldig;;1
534;castle;;1
535;num;;1
536;secret;;1
537;tiling;;1
538;water;;1
539;poker;;1
540;flag;;1
541;last;;1
542;machine;;1
543;date;;1
544;trains;;1
545;game;;1
546;halfman;;1
547;deadbeat;;1
548;order;;1
549;segments;;1
550;maze;;1
551;fukushima;;1
552;bear;;1
553;medians;;1
554;ezera;;1
555;frog;;1
556;particles;;1
557;clock;;1
558;fractions;;1
559;triangles;;1
560;rect;;1
561;fuel;;1
562;sysadmin;;1
563;word;;1
564;key;;1
565;lottery;;1
566;points;;1
567;triangle;;1
568;super;;1
569;house;;1
570;radars;;1
571;message;;1
572;words;;1
573;cubes;;1
574;ptime;;1
575;browse;;1
576;ninja;;1
577;segments;;1
578;bio;;1
579;sumdiv;;1
580;war;;1
581;div;;1
582;ninjata;;1
583;seq;;1
584;decomposition;;1
585;sumprod;;1
586;graze;;1
587;decision;;1
588;sum;;1
589;crossword;;1
590;gifts;;1
591;goldbox;;1
592;number;;1
593;friends;;1
594;expr;;1
595;kod;;1
596;buses;;1
597;airport;;1
598;standarts;;1
599;cats;;1
600;kod;;1
601;reflatten;;1
602;land;;1
603;garden;;1
604;mice;;1
605;divseq;;1
606;teleports;;1
607;seq;;1
608;codes;;1
609;gmo;;1
610;perm;;1
611;dates;;1
612;pres;;1
613;rabbits;;1
614;primecnt;;1
615;battle;;1
616;nine;;1
617;chestnut;;1
618;shopping;;1
619;equ;;1
620;meeting;;1
621;mirror;;1
622;dream;;1
623;tripat;;1
624;mazes;;1
625;record;;1
626;gattaca;;1
627;biathlon;;1
628;game;;1
629;game2048;;1
630;deletion;;1
631;fuel;;1
632;exams;;1
633;jumps;;1
634;magical;;1
635;kolan;;1
636;supporters;;1
637;table;;1
638;letters;;1
639;svetofar;;1
640;stars;;1
641;champion;;1
642;symbol;;1
643;garden;;1
644;wayback;;1
645;heavy;;1
646;competition;;1
647;search;;1
648;seq;;1
649;garbage;;1
650;sumdigp;;1
651;ruler_compass;;1
652;towers;;1
653;cham;;1
654;dictionary;;1
655;easy;;1
656;cover;;1
657;guess;;1
658;segments;;1
659;blackd;;1
660;table;;1
661;cubes;;1
662;multiplier;;1
663;parade;;1
664;aquarium;;1
665;quiz;;1
666;blackp;;1
667;power2;;1
668;balls;;1
669;rally;;1
670;dig;;1
671;renum;;1
672;sunshine;;1
673;conscubes;;1
674;findnumber;;1
675;MatrixSearch;;1
676;rat;;1
677;binpal;;1
678;lines;;1
679;fence;;1
680;lift;;1
681;perm;;1
682;maxrow;;1
683;nbinpal;;1
684;peal;;1
685;red;;1
686;scales;;1
687;slalom;;1
688;traf;;1
689;mail;;1
690;puzzle;;1
691;cloth;;1
692;chemlab;;1
693;rover;;1
694;pair;;1
695;opc;;1
696;100;;1
697;findminimum;;1
698;triangle;;1
699;Monopoly;;1
700;puzzle;;1
701;binfract;;1
702;comp;;1
703;damage;;1
704;saw;;1
705;pairs;;1
706;rect;;1
707;maxnumber;;1
708;percent;;1
709;row;;1
710;sum;;1
711;power2;;1
712;candy;;1
713;Snowfall;;1
714;hunter;;1
715;ratsum;;1
716;braces;;1
717;bugs;;1
718;trip;;1
719;password;;1
720;maxpro;;1
721;ratsumc;;1
722;kpal;;1
723;maxP;;1
724;magbox;;1
725;trimino;;1
726;major;;1
727;puzzle;;1
728;fib;;1
729;maxseg;;1
730;visitors;;1
731;difference;;1
732;trivial;;1
733;strip;;1
734;maxdiff;;1
735;silver;;1
736;spiral;;1
737;square;;1
738;eqypt;;1
739;lucky;;1
740;circle;;1
741;triangle;;1
742;pareto;;1
743;disk;;1
744;segm;;1
745;subseq;;1
746;lamps;;1
747;numbers;;1
748;sin;;1
749;prime;;1
750;lap;;1
751;balloons;;1
752;leaves;;1
753;gaming;;1
754;flatten;;1
755;washer;;1
756;squ;;1
757;flat;;1
758;even;;1
759;kabel;;1
760;cross;;1
761;string;;1
762;diff;;1
763;line;;1
764;dist;;1
765;droot;;1
766;printer;;1
767;tri;;1
768;charming;;1
769;phool;;1
770;beast;;1
771;triangles;;1
772;race;;1
773;toto;;1
774;repair;;1
775;game;;1
776;wordfix;;1
777;fiboprimes;;1
778;runners;;1
779;equ;;1
780;password;;1
781;pokemon;;1
782;multiply;;1
783;text;;1
784;squ;;1
785;trade;;1
786;strange;;1
787;B1_common;;1
788;B2_ban;;1
789;B3_salam;;1
790;game;;1
791;suma;;1
792;wedding;;1
793;competitors;;1
794;uncommon;;1
795;safecode;;1
796;skb;;1
797;digits;;1
798;football;;1
799;proctime;;1
800;domino;;1
801;qusq;;1
802;total;;1
803;maxsum;;1
804;vulture;;1
805;paper;;1
806;minmax;;1
807;programs;;1
808;degree;;1
809;processors;;1
810;robo;;1
811;isbn;;1
812;figures;;1
813;dates;;1
814;bench;;1
815;monoa;;1
816;bubbles;;1
817;race;;1
818;lost;;1
819;cards;;1
820;hidden;;1
821;bubblegum;;1
822;marmot;;1
823;weighing;;1
824;travel;;1
825;pentagonal;;1
826;general;;1
827;alarm;;1
828;monoe;;1
829;antsa;;1
830;dynpar;;1
831;earrings;;1
832;pathsb;;1
833;tripow;;1
834;exponent;;1
835;paths;;1
836;transformations;;1
837;stars;;1
838;route;;1
839;fina;;1
840;newgarden;;1
841;quota;;1
842;suma;;1
843;urgent;;1
844;maxprod;;1
845;RotatingMaze;;1
846;balls;;1
847;river;;1
848;bageri;;1
849;toto;;1
850;lg;;1
851;ClosestNumber;;1
852;TOTO;;1
853;robot;;1
854;check;;1
855;dat;;1
856;solitaire;;1
857;lift;;1
858;long;;1
859;impulse;;1
860;SandGame;;1
861;dif2sq;;1
862;impulse;;1
863;prod;;1
864;bnum;;1
865;rect;;1
866;partition;;1
867;figures;;1
868;timestamp;;1
869;necklace;;1
870;fivediv;;1
871;bricks;;1
872;taxi;;1
873;holidays;;1
874;mice;;1
875;partland;;1
876;rectcnt;;1
877;B1_pawn;;1
878;B2_seqdiv;;1
879;B3_graphcolor;;1
880;palindrom;;1
881;honest;;1
882;longnat;;1
883;zcount;;1
884;number;;1
885;long;;1
886;animath;;1
887;max;;1
888;balls;;1
889;oper;;1
890;perm;;1
891;stores;;1
892;brackets;;1
893;techno;;1
894;tv;;1
895;tri;;1
896;gold;;1
897;investor;;1
898;distance;;1
899;groups;;1
900;delimost;;1
901;palindrome;;1
902;parts;;1
903;elections;;1
904;aminosoup;;1
905;guard;;1
906;gen;;1
907;inter;;1
908;sqsum;;1
909;king;;1
910;cube;;1
911;valley;;1
912;divcnt;;1
913;box;;1
914;digits;;1
915;shisho;;1
916;nick;;1
917;lovable;;1
918;stadion;;1
919;os;;1
920;lvs;;1
921;streets;;1
922;apples;;1
923;knapsacks;;1
924;code;;1
925;sheep;;1
926;segments;;1
927;position;;1
928;warehouse;;1
929;treasure;;1
930;balls;;1
931;tourist;;1
932;anxious;;1
933;primes;;1
934;project;;1
935;spectre;;1
936;breakdown;;1
937;hidden;;1
938;alei;;1
939;polygon;;1
940;substr;;1
941;songs;;1
942;runaway;;1
943;trick;;1
944;dig;;1
945;game;;1
946;topscore;;1
947;clock;;1
948;h2o;;1
949;tests235;;1
950;revbin;;1
951;seq;;1
952;pathk;;1
953;decoding;;1
954;friday;;1
955;woodworms;;1
956;puzzles;;1
957;nozero;;1
958;number;;1
959;clock;;1
960;programmer;;1
961;rectangle;;1
962;znayko;;1
963;discount;;1
964;gps;;1
965;silvergold;;1
966;ihack;;1
967;fence;;1
968;mag;;1
969;mtcd;;1
970;triangles;;1
971;tom;;1
972;knight;;1
973;cards;;1
974;angles;;1
975;conundrum;;1
976;park;;1
977;agent007;;1
978;shield;;1
979;distance;;1
980;pirates;;1
981;trans;;1
982;shades;;1
983;hexagon;;1
984;ice;;1
985;table;;1
986;speed;;1
987;spider;;1
988;planini;;1
989;line;;1
990;monitors;;1
991;students;;1
992;busstop;;1
993;camera;;1
994;number;;1
995;egg;;1
996;business;;1
997;lightsout;;1
998;charseq;;1
999;random;;1
1000;game15;;1
1001;encryption;;1
1002;worktime;;1
1003;rod;;1
1004;binary;;1
1005;luggage;;1
1006;pots;;1
1007;table;;1
1008;lego;;1
1009;lift;;1
1010;KHXTournament;;1
1011;planegraph;;1
1012;roman;;1
1013;eisberg;;1
1014;labels;;1
1015;kart;;1
1016;divisor;;1
1017;hexgame;;1
1018;fligths;;1
1019;monument;;1
1020;alarm;;1
1021;sock;;1
1022;cub;;1
1023;level;;1
1024;minnum;;1
1025;kites;;1
1026;wall;;1
1027;cmyk;;1
1028;mesta;;1
1029;ots;;1
1030;boxes;;1
1031;suma;;1
1032;cross;;1
1033;parallelogram;;1
1034;worldclock;;1
1035;like;;1
1036;div3;;1
1037;snowflake;;1
1038;basketball;;1
1039;copying;;1

